{
	"info": {
		"_postman_id": "8525e66e-0b5d-4bcd-9c04-6caabcda743c",
		"name": "Basket LeagueManager",
		"schema": "https://schema.getpostman.com/json/collection/v2.1.0/collection.json",
		"_exporter_id": "49888952",
		"_collection_link": "https://izandaw1-2894684.postman.co/workspace/Izan-DAW's-Workspace~af5cf065-ab7d-443b-83c9-667212273c89/collection/49888952-8525e66e-0b5d-4bcd-9c04-6caabcda743c?action=share&source=collection_link&creator=49888952"
	},
	"item": [
		{
			"name": "players",
			"item": [
				{
					"name": "CREAR JUGADOR (ÉXITO)",
					"request": {
						"method": "POST",
						"header": [],
						"body": {
							"mode": "raw",
							"raw": "{\r\n    \"nickname\": \"El mejor\",\r\n    \"name\": \"Pepe\",\r\n    \"country\": \"ES\",\r\n    \"birthDate\": \"1980-06-13\",\r\n    \"role\": \"Escolta\"\r\n}",
							"options": {
								"raw": {
									"language": "json"
								}
							}
						},
						"url": {
							"raw": "{{baseUrl}}/players",
							"host": [
								"{{baseUrl}}"
							],
							"path": [
								"players"
							]
						}
					},
					"response": []
				},
				{
					"name": "CREAR JUGADOR (ERROR)",
					"request": {
						"method": "POST",
						"header": [],
						"body": {
							"mode": "raw",
							"raw": "{\r\n    \"nickname\": \"El mejor\",\r\n    \"name\": \"Pepe\",\r\n    \"country\": \"ES\",\r\n    \"birthDate\": \"1980-06-13\",\r\n    \"role\": \"Escolta\"\r\n}",
							"options": {
								"raw": {
									"language": "json"
								}
							}
						},
						"url": {
							"raw": "{{baseUrl}}/players",
							"host": [
								"{{baseUrl}}"
							],
							"path": [
								"players"
							]
						}
					},
					"response": []
				},
				{
					"name": "BUSCAR JUGADOR",
					"request": {
						"method": "GET",
						"header": [],
						"url": {
							"raw": "{{baseUrl}}/players/find?name={{nombreJugador}}",
							"host": [
								"{{baseUrl}}"
							],
							"path": [
								"players",
								"find"
							],
							"query": [
								{
									"key": "name",
									"value": "{{nombreJugador}}"
								}
							]
						}
					},
					"response": []
				},
				{
					"name": "LISTAR TODOS",
					"request": {
						"method": "GET",
						"header": [],
						"url": {
							"raw": "{{baseUrl}}/players",
							"host": [
								"{{baseUrl}}"
							],
							"path": [
								"players"
							]
						}
					},
					"response": []
				},
				{
					"name": "BORRAR JUGADOR",
					"request": {
						"method": "DELETE",
						"header": [],
						"url": {
							"raw": "{{baseUrl}}/players/{{idJugadorPrueba}}",
							"host": [
								"{{baseUrl}}"
							],
							"path": [
								"players",
								"{{idJugadorPrueba}}"
							]
						}
					},
					"response": []
				}
			]
		},
		{
			"name": "teams",
			"item": [
				{
					"name": "CREAR EQUIPO (HOME)",
					"request": {
						"method": "POST",
						"header": [],
						"body": {
							"mode": "raw",
							"raw": "{\r\n    \"name\": \"FC Pruebas8\",\r\n    \"foundedAt\": \"1926-08-27\"\r\n}",
							"options": {
								"raw": {
									"language": "json"
								}
							}
						},
						"url": {
							"raw": "{{baseUrl}}/teams",
							"host": [
								"{{baseUrl}}"
							],
							"path": [
								"teams"
							]
						}
					},
					"response": []
				},
				{
					"name": "CREAR EQUIPO (AWAY)",
					"request": {
						"method": "POST",
						"header": [],
						"body": {
							"mode": "raw",
							"raw": "{\r\n    \"name\": \"FC Pruebas9\",\r\n    \"foundedAt\": \"1931-03-08\"\r\n}",
							"options": {
								"raw": {
									"language": "json"
								}
							}
						},
						"url": {
							"raw": "{{baseUrl}}/teams",
							"host": [
								"{{baseUrl}}"
							],
							"path": [
								"teams"
							]
						}
					},
					"response": []
				},
				{
					"name": "AÑADIR JUGADOR AL ROSTER (ÉXITO)",
					"request": {
						"method": "POST",
						"header": [],
						"body": {
							"mode": "raw",
							"raw": "{\r\n    \"player\": \"{{idJugadorPrueba}}\",\r\n    \"joinDate\": \"2023-09-01\",\r\n    \"active\": true\r\n}",
							"options": {
								"raw": {
									"language": "json"
								}
							}
						},
						"url": {
							"raw": "{{baseUrl}}/teams/{{idEquipoPrueba}}/roster",
							"host": [
								"{{baseUrl}}"
							],
							"path": [
								"teams",
								"{{idEquipoPrueba}}",
								"roster"
							]
						}
					},
					"response": []
				},
				{
					"name": "AÑADIR JUGADOR AL ROSTER (ERROR)",
					"request": {
						"method": "POST",
						"header": [],
						"body": {
							"mode": "raw",
							"raw": "{\r\n    \"player\": \"{{idJugadorPrueba}}\",\r\n    \"joinDate\": \"2023-09-01\",\r\n    \"active\": true\r\n}",
							"options": {
								"raw": {
									"language": "json"
								}
							}
						},
						"url": {
							"raw": "{{baseUrl}}/teams/{{idEquipoPrueba}}/roster",
							"host": [
								"{{baseUrl}}"
							],
							"path": [
								"teams",
								"{{idEquipoPrueba}}",
								"roster"
							]
						}
					},
					"response": []
				},
				{
					"name": "MOSTRAR EQUIPOS",
					"request": {
						"method": "GET",
						"header": [],
						"url": {
							"raw": "{{baseUrl}}/teams",
							"host": [
								"{{baseUrl}}"
							],
							"path": [
								"teams"
							]
						}
					},
					"response": []
				},
				{
					"name": "MOSTRAR JUGADORES DE UN ROSTER ACTIVOS",
					"protocolProfileBehavior": {
						"disableBodyPruning": true
					},
					"request": {
						"method": "GET",
						"header": [],
						"body": {
							"mode": "raw",
							"raw": "",
							"options": {
								"raw": {
									"language": "json"
								}
							}
						},
						"url": {
							"raw": "{{baseUrl}}/teams/{{idEquipoPrueba}}",
							"host": [
								"{{baseUrl}}"
							],
							"path": [
								"teams",
								"{{idEquipoPrueba}}"
							]
						}
					},
					"response": []
				}
			]
		},
		{
			"name": "matches",
			"item": [
				{
					"name": "CREAR PARTIDO (ÉXITO)",
					"request": {
						"method": "POST",
						"header": [],
						"body": {
							"mode": "raw",
							"raw": "{\r\n    \"tournament\": \"Liga Endesa 2025\", \r\n    \"date\": \"2025-05-20T20:00:00.000Z\",\r\n    \"stage\": \"Final\",\r\n    \"homeTeam\": \"6927465dfe3ab6829134e0f7\",\r\n    \"awayTeam\": \"69274668fe3ab6829134e0fa\",\r\n    \"homeScore\": 85,\r\n    \"awayScore\": 80\r\n}",
							"options": {
								"raw": {
									"language": "json"
								}
							}
						},
						"url": {
							"raw": "{{baseUrl}}/matches",
							"host": [
								"{{baseUrl}}"
							],
							"path": [
								"matches"
							]
						}
					},
					"response": []
				},
				{
					"name": "CREAR PARTIDO (ERROR)",
					"request": {
						"method": "POST",
						"header": [],
						"body": {
							"mode": "raw",
							"raw": "{\r\n    \"tournament\": \"Liga Endesa 2025\", \r\n    \"date\": \"2025-05-20T20:00:00.000Z\",\r\n    \"stage\": \"Final\",\r\n    \"homeTeam\": \"{{idEquipoPrueba}}\",\r\n    \"awayTeam\": \"{{idEquipoPruebaAway}}\",\r\n    \"homeScore\": 85,\r\n    \"awayScore\": 80\r\n}",
							"options": {
								"raw": {
									"language": "json"
								}
							}
						},
						"url": {
							"raw": "{{baseUrl}}/matches",
							"host": [
								"{{baseUrl}}"
							],
							"path": [
								"matches"
							]
						}
					},
					"response": []
				},
				{
					"name": "OBTENER PARTIDO",
					"request": {
						"method": "GET",
						"header": [],
						"url": {
							"raw": "{{baseUrl}}/matches/{{idPartido}}",
							"host": [
								"{{baseUrl}}"
							],
							"path": [
								"matches",
								"{{idPartido}}"
							]
						}
					},
					"response": []
				},
				{
					"name": "ELIMINAR PARTIDO",
					"request": {
						"method": "DELETE",
						"header": [],
						"url": {
							"raw": "{{baseUrl}}/matches/{{idPartido}}",
							"host": [
								"{{baseUrl}}"
							],
							"path": [
								"matches",
								"{{idPartido}}"
							]
						}
					},
					"response": []
				}
			]
		}
	],
	"event": [
		{
			"listen": "prerequest",
			"script": {
				"type": "text/javascript",
				"packages": {},
				"requests": {},
				"exec": [
					""
				]
			}
		},
		{
			"listen": "test",
			"script": {
				"type": "text/javascript",
				"packages": {},
				"requests": {},
				"exec": [
					""
				]
			}
		}
	],
	"variable": [
		{
			"key": "baseUrl",
			"value": ""
		},
		{
			"key": "idEquipoPrueba",
			"value": ""
		},
		{
			"key": "idJugadorPrueba",
			"value": ""
		},
		{
			"key": "idEquipoPruebaAway",
			"value": ""
		},
		{
			"key": "idPartido",
			"value": ""
		},
		{
			"key": "nombreJugador",
			"value": "",
			"type": "default"
		}
	]
}